metab,sperm60,sperm84,sperm90,sperm92,sperm104,sperm105,sperm110,sperm119,sperm123,sperm131,sperm132,sperm144,sperm151,sperm154,sperm155,sperm160,sperm164,sperm169,sperm177
N-Acetylleucine,448.8441019,1385.506124,99.88176223,294.6373589,1074.481679,944.1205271,236.1754793,1378.222123,326.3042299,692.8250423,403.4919607,1109.255112,633.1062936,248.7301099,312.6949963,190.2225736,932.2965753,410.3139864,347.8261471
Paraxanthine,187438.581,892355.9837,91.22597286,292031.8327,560295.1505,152173.3674,101721.6966,268131.4671,25232.05292,409769.453,102856.5237,115107.3765,168081.2603,209696.6082,104879.0342,251350.1216,388589.5696,604268.9426,147313.8393
N-Acetylphenylalanine,882.036145,1336.145231,110.422211,564.8130198,1466.507946,722.2356116,331.0784997,1156.795331,730.774555,934.2499492,739.064862,1590.628158,513.1886889,418.5722921,334.5735906,479.9973685,1245.992632,1150.20948,751.6407795
Dihydrouracil,519.1599629,706.9071549,266.7188039,192.0232703,581.8841508,551.6965297,234.1290038,904.0833718,360.5414903,707.2956262,271.6439059,782.8748256,252.367644,264.9681651,160.7747306,258.0852768,884.3239966,762.5589498,475.2182991
Nicotinate,1.318631324,437.0884793,965.4645777,13381.40972,57802.27498,25014.68147,0.477482441,59838.30067,4830.212264,3012.802494,2452.666442,43836.62418,1376.476421,400.0615071,107.2257575,484.5442595,17404.0162,5137.19025,243.1903614
Nicotinamide,660649.696,521456.4393,346837.2967,87790.65356,436953.4753,262806.3347,157728.792,59716.50791,84413.73027,665900.7293,381104.4577,226597.2168,265583.9094,163555.9355,100728.4737,210591.8573,414164.6773,650043.6685,413660.6308
4-Acetamidobutanoate,1393421.762,714300.8657,279085.7388,529447.592,1030583.894,893375.3018,237079.191,872857.7391,467093.2488,981332.9803,585376.3705,896239.8538,424162.4609,485243.361,233201.8246,715782.6198,1240058.6,1069914.227,399960.0188
N-Acetylanine,19004.90647,30716.71638,7339.622711,10418.10797,17507.21225,16308.9981,9645.864187,23097.27032,11293.33669,38294.54387,29266.705,28672.63989,9953.19541,6123.951113,6879.705652,11403.35814,26712.28585,21269.5649,16555.96739
4-Pyridoxate,128775.7937,139983.3208,17095.92272,42284.81776,82077.02082,66484.11975,30928.6442,114902.6126,34658.69121,154358.928,34424.77183,149020.2182,112916.7531,480732.3199,38057.15448,57390.23656,127831.3246,109953.7458,41219.14157
Methylthioadenosine,88201.52336,66829.18942,18983.32195,46679.5771,125402.5638,62938.62634,30373.44519,104663.1865,46090.41695,127931.9038,68273.23591,147186.1126,57172.88425,38138.99292,25945.2318,63394.01286,164425.9581,124320.7837,87506.42701
Niacine,10766.18398,14320.64102,6879.03769,6709.56962,108555.3747,156494.4305,7213.417,249780.34,47122.26184,49713.22261,178858.8807,55001.88894,91514.16888,50506.73624,11848.44336,3779.391266,23211.25088,62447.55282,7474.950185
Glycochenodeoxycholate,15102.92619,30877.2643,6747.213813,3276.464795,2464.9545,14305.3595,5606.991507,2298.108214,4918.187659,19253.40954,816.163831,12834.58285,1391.698637,1738.075438,3241.381619,27728.7018,2834.040705,7558.693515,13728.774
Stearoylcarnitine,161344.787,182827.5703,63322.16198,45039.35186,84211.97822,146711.0667,37455.08692,90431.90126,33941.75364,168046.0239,50730.84568,156687.1494,54800.18386,39283.66556,31479.48805,120789.3869,60595.78423,152960.5169,154890.038
Palmitoylcarnitine,456419.8353,359408.014,206502.7805,68588.84163,195360.3638,318978.0527,94024.08857,236996.6942,72531.67269,405726.5086,120990.1266,283195.5391,117234.1861,109885.953,81926.90079,210647.2571,111064.6317,353437.6404,271765.4711
Acetylcholine,1279.671429,2238.217174,733.1405872,250.0799257,724.6096443,674.6082578,607.9361354,2511.798268,423.3804386,1932.437666,933.8776681,3015.108854,1318.84409,414.4707936,742.5886632,1110.984988,1893.55366,1975.804673,1124.578139
Myristoylcarnitine,188043.3579,83921.3945,45355.47166,17093.86388,32771.57701,60056.55506,27585.8949,48712.34795,20791.11838,73261.42831,40526.96375,65504.19466,20943.72046,37883.4436,17842.5199,51242.27087,18212.13129,64801.46217,54809.55308
Lauroylcarnitine,79516.54578,69813.15375,20806.95835,21445.57437,15560.35905,40748.11529,38397.87806,21679.44336,15072.15408,52790.01321,23855.54787,70452.68275,27787.061,22218.81842,12612.14013,36854.45991,19122.15324,45238.45394,37390.87356
Ureidopropionate,1048.574429,6191.062012,670.5216895,440.5228278,5157.611433,1801.820649,511.5144817,4765.470055,745.9679828,4243.028054,1151.855616,5315.459377,3338.958533,1511.443566,551.8333872,847.4640863,2359.973572,4259.89123,1143.857718
1-Methyladenosine,1880018.752,694476.4303,140697.6918,1362542.093,1627920.665,1041363.455,1106415.903,1267730.869,1693444.144,1856542.867,2084214.902,2991992.292,685700.9785,829603.4591,588979.9417,1175997.687,2256729.012,1334218.945,1008501.39
Decanoylcarnitine,54859.85784,112195.0897,39771.37988,33740.29962,33220.37579,54550.89175,44209.14648,71729.6771,18497.64743,133930.7129,43504.64018,87477.63681,51108.48059,36250.72545,14921.92236,34629.29637,70952.05683,88867.21874,35962.22826
5'-Deoxyadenosine,31785.90027,36217.18379,5252.784886,93374.64803,147769.2035,123328.3303,32057.85911,53393.17771,76009.25485,38878.68718,69767.18973,118754.1264,1807.578622,19453.38419,45761.38351,46981.67359,7739.64737,69306.24657,108912.9929
Deoxyadenosine,31785.90027,36217.18379,5252.784886,93374.64803,147769.2035,123328.3303,32057.85911,53393.17771,76009.25485,38878.68718,69767.18973,118754.1264,1807.578622,19453.38419,45761.38351,46981.67359,7739.64737,69306.24657,108912.9929
Octanoylcarnitine,399278.8934,730946.4084,282442.32,247818.7047,390692.2512,291883.9773,447594.3752,1026653.313,195231.0546,1089662.39,558865.9485,693484.7259,326358.9743,253902.1111,123863.9076,370923.714,902427.0523,809811.1422,332017.4605
Uridine,144544.4756,188410.6025,31670.98763,170151.6841,205004.3239,122563.5284,116246.3637,323419.6398,135856.548,183214.2958,355853.6799,442674.3119,117094.3679,117052.1224,147778.3528,216991.4506,410657.1709,180815.5337,372061.7133
Hypoxanthine,1228878.533,844037.3155,237463.0118,642000.5172,1307693.038,708640.933,397405.8319,1137664.578,553490.2553,995888.4421,477637.3363,1189774.805,734242.9264,462716.3096,213014.6239,573267.7022,1694277.964,1045030.37,713441.9617
Hexanoylcarnitine,3005633.529,6091124.068,2620794.619,985190.4522,5735178.843,4653347.506,2281915.668,9953973.022,2055890.272,7456366.435,2382126.136,8105685.349,3978078.31,1287197.966,1295071.599,2857550.982,8085013.321,8628693.916,4036449.258
Creatinine,15625223.28,21599327.29,5915707.382,8854436.432,21853448.4,10657218.76,5432349.386,18969661.99,8875477.783,21145861.75,13316771.86,24203427.25,11256385.07,11376522.61,5831997.214,9013748.451,22176243.78,17449692.52,11851431.89
Adenosine,1016997.903,394099.1088,22070.98069,486668.4607,1080276.107,314443.5818,387098.7986,372172.1509,567199.9807,322201.9927,2194417.632,1721837.956,11340.20035,682771.7743,619564.0918,968786.7026,41452.42475,431912.495,1365097.966
Isovalerylcarnitine,11555561.66,13587474.72,5346050.217,5900630.078,21708205.94,13889683.49,5516166.515,17101597.65,9302169.631,19308088.47,13249858.19,17600954.74,7390262.408,4759734.063,3935212.845,8704502.855,18432657.71,19078140.98,12318151.79
Glycocholate,93.25944999,118.9646288,22.95098492,14.26026243,106.7328543,50.43260733,3.45543571,145.2263111,22.18898797,10.43854951,679.4568702,244.4760169,45.29034772,21.45986689,50.20895469,57.45736014,186.8676855,173.6755221,21.35720065
Butyrylcarnitine,487881.8112,1162642.245,279915.9278,447337.2676,4394967.552,3303214.115,566665.2956,3402410.143,1662388.145,3119500.991,1764115.001,817151.0088,2055011.565,672506.5739,791062.7485,1401298.351,2175576.025,3018655.617,3046968.778
Gulonolactone,46.68303103,141.7275882,9.107929602,37.43775141,481.080012,1088.605974,105.3443383,398.852146,119.2549978,601.596626,919.6594484,179.5980967,1109.25567,559.8987861,125.0392519,25.60008522,26.88903397,973.3823563,43.85883923
N-Acetylglutamate,3948.175906,8053.15214,3565.464146,7786.901596,15220.73632,18353.02797,5365.939589,21324.41434,2133.462921,82749.07758,8793.57619,13388.43401,13525.35501,1446.185684,13553.99488,2496.933533,19300.49921,7882.097411,4122.182209
Inosine,747816.4231,251049.8133,24101.91527,114576.1409,385515.6179,232823.9052,224068.5958,104040.6398,125600.9492,508760.9311,211983.827,445648.9441,122273.6926,143140.4721,200803.9864,202833.176,172601.3651,144218.3484,160234.2638
Mannose/allose/fructose/myoinositol,56726.6761,35784.47354,28548.76302,32447.74056,37078.76488,22251.57311,17536.28758,83425.40919,9894.754196,13598.03076,28154.90306,52159.91699,28795.11629,48305.32315,21904.92281,43865.44176,52385.03877,34520.78366,8520.215575
Propionylcarnitine,6192171.647,15672450.01,4111426.668,3232520.612,15837294.26,10335518.68,4267017.782,14324771.66,6088883.164,17380659.3,10098038.68,11996819.82,6885542.609,2579289.592,2206281.781,8110770.529,11675317.17,17006754.55,8421456.712
Riboflavin,2472.416199,1652.326992,163.3822205,1660.497673,1182.361125,1524.444098,632.9758859,1609.532448,2061.163365,1412.73819,1588.010072,3947.652722,3038.878735,1284.261874,331.3581129,1439.192946,3223.508604,2790.171109,1122.879543
Xanthurenate,938.5702468,6142.813647,293.3050458,210.7215335,2106.210332,2712.884673,480.799222,2369.211603,915.660465,1517.511863,1512.751941,4454.121585,2469.378871,1488.406752,476.1127973,932.9536971,2731.383598,2842.996361,653.5730028
Pyridoxine,537.6487988,1017.762781,10.13948139,154.5430267,896.8327056,409.2997495,190.1655263,560.5621256,289.7363845,765.7358995,373.8411932,1001.838768,455.6511546,461.7507414,250.4112451,360.9715897,660.2632152,201.9499518,370.7754723
Guanine,724215.2226,634842.947,686.6120743,524012.7134,666837.0174,580256.7736,365240.6503,1576.536424,287944.4425,1138025.094,517197.3179,1209675.961,471978.1344,380721.6286,345762.8588,677326.9193,727613.4511,55330.54369,605547.9519
1-Methylnicotinamide,2842.472402,36379.3515,1594.760114,1502.953785,12121.76754,6121.446743,1318.044805,5425.433754,1044.770628,10482.75253,3343.878904,27683.03786,27133.58393,21319.08439,1603.071731,2230.691182,6354.817128,11802.76373,1547.728826
Xanthosine,407.6977146,728.2136455,334.3912332,202.9799787,586.1219584,367.2628322,175.1137969,1131.948412,221.1731662,322.1764926,337.9605605,433.7952609,369.8811284,273.4318507,93.45633233,281.5264053,850.4915342,989.008265,184.2220133
p-Octopamine,3117.301286,4117.014812,1364.061624,2256.67861,2745.73964,1711.699033,1592.072245,3328.902221,2230.135857,3410.001157,2615.113006,8033.310506,2215.854321,1664.492675,979.055689,2378.710927,4312.433613,5009.856366,2629.690392
5-Methylcytosine,1977.276179,1814.296433,730.0736312,260.7781703,803.7103081,698.6518318,171.6340638,1213.423319,264.5614458,1060.700282,890.6723722,1272.321984,277.9605496,615.2317736,330.9697326,704.177875,69.14038499,1708.210059,414.4841057
Normetanephrine,420.9133388,352.4826567,135.3332369,220.5585225,592.2140379,753.7921742,452.7486323,1207.166874,380.0914362,1554.946484,1037.788068,1478.967035,300.7430464,370.1849973,182.8165561,211.4133137,1099.25606,785.7887185,794.4590038
Deoxycarnitine,422520.4909,231528.5076,105604.7045,153129.3068,400316.9824,169751.6509,125172.0565,632469.2431,106443.9133,358000.0254,41695.31047,573747.7791,68419.25354,65156.33812,34532.98407,312312.9344,273895.2195,617157.1434,358727.0479
4-Guanidinobutanoate,506814.2205,288261.8216,125942.0516,178596.8616,441372.9033,214250.8652,186896.6015,807785.3581,134312.3431,492113.0931,47312.90413,712343.798,78340.30266,92683.15141,42711.74103,342804.2054,340958.859,801174.5392,476156.1668
Acetylcarnitine,15921334.34,23882128.01,7332877.715,6144968.171,28898439.56,16893154.98,7375047.03,28365954.03,10828662.15,27614986.05,17272168.21,29873388.47,15828009.53,8948218.635,6271468.932,12060203.05,30737871.94,24475426.5,16897211.06
N-Acetylmannosamine,13937553.24,15830757.58,5465479.662,7371193.163,12074427.67,9399949.374,5269734.84,18772077.37,7571512.14,8476680.243,13619100.32,19579962.45,6848875.633,7769233.389,5884066.749,9263666.447,19710199.09,12126846.32,11497037.09
Phenylalanine,3360409.025,4508100.487,1571690.601,1632064.381,4554408.116,2798147.286,1509250.85,4955995.724,1903369.09,5588301.548,3503351.413,4852908.609,2248576.958,1978745.001,1136913.663,1760512.9,4045178.58,4192937.763,2827438.087
Epinephrine,1116.296639,1553.21915,627.9806054,527.9301534,1833.016975,844.2429897,367.9000845,1583.697713,636.1351149,1864.568494,1242.665047,2010.88438,705.4521545,512.5798234,399.8016608,679.0806706,1366.266575,1671.998778,971.9034659
Tryptophan,100240.4235,201097.9133,84355.1461,13656.80533,145354.2909,72676.60927,26410.46548,111520.9335,25104.61605,253261.0783,74289.89629,91675.23916,54138.91744,51765.6594,39049.34009,44424.66931,28215.3646,133985.9089,41126.01911
Leucine,1471721.281,2345446.737,823048.704,629588.6594,2002264.725,1160126.098,605556.2148,2062105.43,767795.4638,2881561.055,1530734.712,1982032.687,838552.6608,853600.607,582013.8382,825836.5101,1437423.632,2046494.037,1079505.756
Guanosine,34687.21108,27113.82632,533.4973528,44287.21856,5159.557969,12123.02195,16775.39693,348.6840348,17885.55854,67448.57059,11627.90332,52619.89133,25083.72286,12487.39899,17389.03457,18304.77259,58646.49426,4039.99456,38002.90642
Betaine,3304807.695,1313418.545,706841.8154,1185525.764,3045870.488,2822555.888,1062105.496,780743.438,380621.2637,2588859.812,253644.1446,3454645.018,295300.8978,805339.7892,314955.0708,1111762.921,2630856.857,3714105.769,2591993.933
N-Acetylcysteine,28642.14985,33896.70839,12872.47266,5047.580254,28311.72892,14575.32784,8343.000444,10435.21417,9851.08537,31377.77627,7988.276441,24599.81602,27246.12495,12705.8521,3709.646261,24477.83432,38771.07426,20386.36924,12511.97815
N-Acetylputrescine,56919.39814,123809.9338,36295.95815,6985.080388,77715.51275,80754.64075,19278.09983,36253.80054,17063.08462,75862.95314,100604.546,58775.84133,69104.08919,115184.5075,26022.39781,18302.05838,32947.16247,112923.0554,32215.4746
Isoleucine,11463234.58,16222287.2,5520684.791,4686383.745,13766376.23,9005278.306,4678154.736,15050359.85,4737048.672,18534150.75,12034494.2,14665448.1,6260243.26,6495204.934,4356875.605,5919374.72,11694684.76,14886217.78,7270074.923
Diethanolamine,500.2076755,633.2600175,312.8077819,402.7300371,1411.388413,522.2993273,634.4657984,576.8798422,640.4115839,1155.26422,699.6298366,615.2354958,454.2838982,178.0532028,313.095218,592.3432075,1470.089219,1086.368548,683.2291178
Ethanolamine,233702.6436,378211.668,114755.9295,121850.5522,362868.4186,220619.8392,130332.2847,300496.0176,115912.1552,371357.3167,337866.1161,389581.1852,182174.3614,137672.5997,107251.7854,169897.2035,284742.3063,355330.2038,255769.7891
Methionine,32487.9959,55097.72462,23143.37144,5679.988684,60445.64648,35696.31642,14960.13622,73197.44904,15057.57474,125355.0219,63320.00436,48261.78857,23719.21888,27518.74774,17225.23116,24405.03946,9453.646744,82366.61761,15592.98563
Glutarylcarnitine,47483.51396,161540.2258,63471.76153,22277.51273,72535.58209,87382.42342,35818.35358,71877.1959,17925.28871,194355.5791,21207.42807,114463.4477,39091.25971,36009.24174,14245.2926,60580.54558,35653.17998,209216.3982,87025.27211
Trigonelline,358355.1984,2651698.212,12399.17314,92080.40386,1166501.359,157570.6197,92155.05396,1326167.537,26677.02363,365968.7968,22247.8377,489045.0081,582838.4638,1295197.696,253842.8176,118361.0504,577619.6793,788072.5716,142485.9142
Thiamine,15623.93973,4579.826081,899.3990989,13016.05585,5214.7893,2338.2385,1376.048226,3004.572454,0.813223812,4366.622579,6395.96181,7118.028166,1478.671059,3163.941906,2182.850338,1165.69114,167.7024568,5244.778305,4377.611436
Carnitine,3272379.503,5688583.042,2039463.455,1848476.558,4384442.605,2708152.972,1330853.281,4502783.82,2554897.709,6158447.985,1920733.327,4701678.918,2312623.515,2059156.415,1159569.949,2613182.955,6332179.011,5558313.985,3285465.302
Valine,2380807.951,3446415.958,1255120.729,827038.1717,3296386.177,1871688.661,1019085.473,3578746.425,984339.4812,4229382.003,2951372.525,3585049.816,1384372.408,1463109.078,1100475.568,1480130.21,1618597.78,3188857.444,1424765.577
Taurine,13742.28376,15361.58223,7229.558363,7462.686319,13858.80486,18354.85597,7298.908867,18335.59105,8797.625267,48597.02852,19431.8157,24039.59737,11061.56684,18061.08769,6505.814335,5917.726475,32521.47496,26686.20837,15305.22219
Proline,3464988.254,4445137.879,1793449.086,643311.8078,3670563.108,2841974.148,1075452.886,4585842.017,761425.7898,4027641.008,2261948.147,4040682.758,1907650.877,1506192.31,1084635.48,1510171.392,1605764.418,4174610.82,1741203.006
Galactitol,544258.203,284198.3644,150311.6767,54695.89746,104597.1009,210488.1192,108043.0659,555091.7348,113431.4954,215641.0309,267042.8011,500886.823,95715.79085,185782.5302,191198.8772,249431.0535,238755.6379,307895.9739,145823.6552
Homocysteine,255.7758317,327.4734518,111.8860804,152.3888091,242.6677638,257.4097092,128.9511747,336.3218487,105.7575692,386.2349528,309.7585587,335.0721291,148.4638573,178.4477034,97.49712365,162.6709723,338.9169077,462.1731232,247.6271315
Tyrosine,1320349.323,1472291.91,591360.9608,587700.7464,1119162.791,1119735.346,639940.9651,1459539.89,598660.4724,1796095.805,1770967.005,1689756.656,671989.7563,795688.4468,490366.6641,823004.343,1262711.94,1744395.614,1024860.167
cAMP,120.3319155,127.9160586,59.54919164,129.6504729,75.79640625,118.5075023,891.5871093,56.63018513,21693.93928,376.1605126,522.4207797,25126.26563,519.6877807,215.7122565,19015.72166,9565.75934,1145.435917,112.3323229,233.908167
4-Imidazoleacetate,11842.68478,53062.18498,6008.563035,1644.734144,6842.37348,7789.635547,3087.136816,22326.49262,1645.770705,39273.58997,5566.683559,16184.82015,2859.696381,6381.52637,5222.451106,9972.002967,3396.611762,12713.884,3848.133619
Creatine,12779500.99,14249265.77,5416470.32,5146867.776,16871832.74,10269978.43,5085154.331,15261023.74,6265726.863,19257809.41,12806224.72,15438422.84,6343838.385,6962053.867,4917880.854,7544754.754,10850263.52,16871875.95,8839550.893
Hypotaurine,1381.613745,640.9972573,304.807586,438.9146419,691.4706659,442.8100543,260.8656075,368.6871062,143.9460578,1294.537851,152.2100787,803.4770537,248.8607924,340.7319272,76.11796366,395.1048326,845.1877813,1561.245262,1128.793358
Alanine,510367.3345,859762.109,281344.087,98623.71666,674895.7419,419007.9787,184713.0928,751219.2604,163890.6165,1068318.686,540556.9752,597949.9703,288684.2448,292347.5119,200282.1064,294069.8729,201660.0331,676815.9247,246529.1518
4-Hydroxy-proline,141921.2158,150590.3408,61872.54865,54428.73709,179314.793,109446.0727,51563.69287,158236.7893,70497.34036,203904.8024,126880.5853,167220.663,69127.34855,78839.26006,47872.7464,76729.14974,122111.3953,165505.5439,96870.97501
Dopa,82.45687704,441.4780791,33.98360988,25.23354985,107.2758216,188.8127848,70.20652634,1222.856881,52.84748475,563.2082988,142.2158255,636.3746879,165.8262676,75.62461838,78.38253143,63.75724884,93.41725057,148.0208737,104.7121573
N-Methylglutamate,148.1478118,1440.033084,108.7467278,17.6233343,297.7202027,412.3671696,157.1899288,478.7651243,31.08534587,3082.112933,263.1239117,1471.849685,315.8043814,444.9886118,754.2943764,629.6243575,230.2629576,383.0578542,31.41851079
N-Alpha-acetyllysine,23908.41554,70383.84345,14236.32562,4273.156671,33728.40832,27068.67871,11240.46475,91362.29747,10040.3202,60152.10952,25900.10689,83954.64549,31178.20152,31065.13301,12292.86697,16557.02587,11416.82191,43136.94296,11702.21009
1-Aminocyclopropanecarboxylate,363553.2915,514675.6003,198069.301,70105.38752,398574.073,202878.9258,153307.1176,508523.4738,105502.9146,591721.6162,365552.6783,446016.7814,173351.3507,164304.0609,158081.4346,220639.7514,173726.3966,450476.852,188903.063
Aminoadipate,3082.929393,10245.60117,3177.648206,337.896968,2310.620842,6165.363965,1463.064605,4837.03361,897.9079587,11015.61325,2608.44527,6521.368107,2105.817768,1826.000133,1175.583255,2156.329454,742.7205406,11706.29581,1216.053456
Glycine,59694.18033,88780.64559,36142.516,12150.79227,70648.26148,45937.60359,26677.63662,103927.3809,24601.84002,111315.0947,68148.64153,84723.7499,36812.69714,35246.47204,26196.4404,39486.51686,29542.27421,88896.29823,35959.03697
"Cytidine2',3'-cyclicphosphate",1747.459672,1207.608922,430.5438733,184.3350199,1442.369286,2786.954123,711.3554742,2026.948985,901.3557664,2858.451182,1615.303937,2693.22062,2889.939944,1064.176001,524.1500054,1032.836749,667.2933602,2428.937244,287.8977065
Guanidinosuccinate,4094.335165,6935.589901,4356.694968,498.4954216,1727.621559,1463.954545,998.4212609,1159.30124,384.9682513,2769.329064,2203.162099,5512.289182,992.1235332,2249.753247,703.7649339,989.1265488,578.7912708,4590.394833,569.6517333
N-Methylaspartate,28024.69498,34816.79795,12832.37341,11812.88823,43022.35904,20976.2648,10489.80867,34485.31607,15059.63498,37538.48992,28494.98835,36921.86423,16674.81747,15654.27728,11364.64296,16125.42808,29356.08075,33559.68837,21710.84332
Glutamine,4912306.669,5987436.464,2121958.736,1828441.446,7306594.393,3442922.362,1775830.434,6003163.064,2614295.83,6662817.482,5039009.328,6377557.675,2844104.229,2831302.231,1996641.465,2856114.133,4980332.733,5905916.761,3800470.162
Serine,1140281.523,1507363.3,548997.8694,522377.5802,1412197.879,880755.2073,464869.4049,1567490.541,561148.4061,1710307.389,1137217.881,1602926.51,603481.6621,635180.881,444729.1348,691755.4872,1432875.278,1430356.9,877058.7999
Asparagine,222600.68,308982.5654,124445.6835,39465.46592,271983.9306,156084.3454,97427.45854,307965.5852,75644.60496,372881.8818,266390.5429,246643.139,126186.6728,132150.3514,95160.43383,128719.1404,83104.52912,344506.4237,107521.5533
Picolinate,140.2831014,86.420065,56.49012733,80.59674474,330.7383878,160.4636229,115.2585872,681.5627923,201.4321859,267.9182032,388.732911,518.9069706,205.179825,160.980733,145.999036,100.8183528,174.3595587,368.8052668,251.3553332
Citrulline,727.218033,353.7215842,928.7785159,746.0603082,3824.528204,2207.866311,177.8639131,19780.40271,1469.419885,749.2010324,1070.606692,2928.026256,217.0013643,345.5734113,515.0112052,503.7833857,641.4210987,1592.393752,230.6402403
S-Adenosylhomocysteine,774.4609156,499.0129773,215.2689208,252.0400848,461.9105852,270.4096622,288.888693,640.0372138,202.3154748,652.4669823,728.130313,1022.008537,285.9152303,313.2630449,187.0754834,341.1858074,697.9008465,495.8232221,376.1086561
Glucosamine,2884.404334,8348.743813,3058.95198,2521.670216,3505.328481,2623.993951,882.2004134,6426.899692,7673.34356,1348.947181,4450.30809,15911.7864,30832.51963,3193.243577,5829.402126,21907.59443,15098.29138,11985.61482,16185.56646
Dimethylarginine(SDMA/ADMA),232635.9033,293585.6999,82997.75219,41469.37651,264817.5229,113704.9095,39401.02643,550415.5528,32178.40232,249592.2354,88440.73879,344824.2399,249822.8895,222969.8441,59797.37743,91207.72136,113973.5697,193619.9269,37555.62415
3-Methylhistamine,24.53753469,71.86051938,8.086738171,8.138442974,9.779195302,604.0571385,5.112174588,1230.720099,35.87823381,18.11172533,40.41952291,64.44653525,93.62440228,25.65521451,33.74360313,53.88322054,50.30564497,70.42690496,58.87804426
1-Methyhistidine,50908.34901,257098.324,17045.17024,25136.56775,167141.0332,198250.0907,27497.79612,1196529.323,9858.207507,200798.9115,34433.47002,904930.7337,149282.0408,457705.6263,46582.6572,107251.7309,36569.55984,149826.4537,6717.376023
"N,N,N-Trimethyllysine",319132.0806,737143.6574,95472.80749,81883.39732,383872.2842,247745.9696,115162.8863,590399.9937,47967.68465,472554.413,84841.54684,1389467.391,225664.6849,464933.5855,51715.84335,132744.8254,187193.4026,398885.8364,103796.1618
Glucosaminate,63.902884,127.1686329,69.68882972,36.914968,50.80872253,7.04406412,7.090477815,110.7588804,245.7225398,40.45131943,30.85314438,465.0282911,638.5722225,39.41031923,148.9223633,289.0658844,420.6925083,209.5171609,817.6034179
Putrescine,981.98828,4930.977655,1478.582127,8311.191692,5368.390364,4022.725135,322.8281515,1683.291541,1391.47331,5194.956765,3162.999635,2206.209257,109708.5843,2275.222475,741.2682253,2098.376546,160458.6415,6488.054777,1339.780291
Agmatine,8787.486272,15568.13267,4816.211528,5352.158678,15808.52483,9160.917284,3736.732838,13307.91853,5346.444163,18654.2205,10295.81052,13266.35039,6206.115438,6383.084838,3880.477651,6621.55698,12294.64158,15385.70852,7058.984708
Arginine,7467689.694,11198965.4,3923602.4,3960456.095,13226374.23,7617222.529,2853134.671,9990954.909,4657435.817,14680231.83,8247948.998,10857841.45,4989006.894,4899482.034,2928951.281,4550353.683,11125545.86,12006419.48,6057226.068
Histidine,11531370.22,14040974.22,5642835.869,5105618.154,20539794.84,10106920.5,3837906.739,15112389.71,7410555.845,19559798.52,12541247.88,16078953.9,7064656.606,6321239.465,3545147.407,6935503.717,12993483.31,14142097.21,8888790.523
Lysine,4726625.466,8315630.569,2741066.166,1378005.034,9345278.238,5517939.351,1867557.64,7785181.003,2627627.67,10892609.92,6025958.005,6230761.342,3724877.71,3216174.957,1990987.639,3066038.289,3418237.005,8748917.283,3125596.546
Anserine,1291.685574,13990.10722,81.64261189,602.5937347,2954.172943,30528.49409,1123.986134,10404.03893,453.3131708,15180.09543,4783.067872,11544.4835,96.85022259,7213.230447,412.3146101,423.6855942,12641.02999,13144.44222,13683.56028
Carnosine,6439.906639,10751.90169,1444.304459,2225.423566,13083.10639,13974.74256,2716.534969,17668.31265,3058.115838,30947.4482,15416.06715,6572.474682,3728.635507,3983.99396,1578.890688,1670.061842,3050.588875,10293.72465,3573.795398
FAD,256.9281311,235.28135,131.7055158,88.21930856,150.1678099,145.2173525,131.9709582,306.6478484,77.59623895,255.775347,162.1955595,326.6150353,135.5753989,115.1520423,136.2390297,166.1700026,396.0389746,209.2834052,167.5265091
Noradrenaline,149.6354875,459.8841429,136.1134123,50.13614689,377.6726528,276.8320793,173.1298684,221.0926176,252.6674525,84.97766001,123.9829245,694.5975207,379.6152775,114.5387791,46.74036376,335.6617857,262.1398905,309.5256705,298.0020015
DTDP-Glucose,626904.6951,855905.6857,82780.42152,156741.9703,269581.1408,128433.512,185419.281,250083.2511,53283.80283,1234985.246,297105.9791,165395.3277,138815.7528,110057.2374,174372.2515,120249.2452,186274.899,585593.1482,149649.7416
Cystathionine,389.7636083,286.9708453,40.79595696,15.4299143,164.6955737,85.38558126,60.22023423,196.1456697,22.21753212,156.466057,23.14399073,620.1008818,77.7491417,72.51996945,14.0712569,76.67013614,43.51273737,315.2431115,62.73232249
NAD,635.4108229,832.5950668,404.115772,95.86254985,589.0112325,559.2390453,197.0993811,740.3922154,217.2467636,1117.250859,544.5227303,662.170704,575.1566987,533.6496793,291.1736308,498.4490268,355.4258616,1146.306633,433.2550178
Cystine,422.4196539,1413.815602,1409.926936,137.8053806,385.2707523,450.4846556,251.4036,520.6226586,662.203811,1311.356693,313.8781064,1056.030189,2081.142837,346.1577726,870.0856926,707.7815485,2868.52627,1194.069737,194.4066278
CDP-Ethanolamine,25.8665657,32.24409428,7.414530294,1.727715388,16.14751562,16.70275852,4.235836825,11.80553711,1.333558847,11.98730145,22.1047517,22.62405413,9.44216072,5.986581726,11.62009347,15.41582346,1.709353957,15.6965538,5.347316643
S-Adenosylmethionine,231.1487365,137.3035424,16.99059651,81.15904104,197.4947581,103.2231064,109.1824941,144.8438979,43.63788267,190.2170404,224.8716684,288.2218303,58.54718476,66.48299016,53.68522194,40.37961563,104.2976355,67.99167253,152.72425
Guanosinediphosphatemannose,129.0313835,257.0569423,38.46277524,74.88255317,156.8459255,101.6212277,56.28995338,166.3574683,49.7805208,174.8089349,176.8940556,119.0181083,39.19765651,68.78735436,61.59171829,45.19148996,69.99422991,147.4919494,89.59399458
Cortisol,9.31949687,9.205512977,1.601138696,14.50602712,7.266285431,8.928453792,6.608047783,11.5487889,5.267541022,12.25245018,16.38899079,7.947006818,4.127085438,7.098321794,2.432374414,3.109800919,24.92842161,14.97116909,11.54734703
Pyrocatechol,32.93810536,314.2742319,3.352619928,14.72256643,72.49363562,25.579456,3.755698167,151.9752881,14.90964444,128.9514904,7.103892747,146.9067801,166.3437899,187.9686264,28.8082827,52.84080547,46.26865811,149.5978884,11.83624363
Hydroquinone,2441.88876,25010.72605,287.5985153,1247.51575,5703.343829,1891.252138,382.0690405,12653.24903,1039.426621,11150.51747,455.88844,11406.38782,12568.23161,15223.94234,2318.360247,4503.269618,3587.070149,12000.05876,689.9447109
Pyridoxamine,12.90904885,18.47375856,6.716169531,13.82654964,32.31190341,19.65543384,4.659026192,26.66838197,6.291692494,15.304679,8.378253658,23.45999334,7.353496168,7.64117395,6.863929342,10.19681125,28.4816819,9.945786541,18.02527389
Salicylate,232.8497563,209.2856775,177.4610214,136.3476596,702.1585761,198.6384295,226.839788,15227.66527,192.0803023,340.9150576,2192.477472,515.5833025,221.4454897,116.9990534,217.7254436,198.1585875,480.7603893,625.1926534,585.20618
Uracil,2302.687091,981.2463401,1887.784938,1676.390551,6318.746752,5331.600941,1252.08159,9615.064703,1642.76043,1719.748249,700.1121019,3047.657648,7665.773158,383.5290933,1097.88284,399.1392798,10388.8792,1692.820766,500.1405338
3-(2-Hydroxyphenyl)propanoate,202.9077068,75.68724531,3.182728584,87.51323603,356.1069324,48.5060713,37.31915281,93.03401576,64.20340613,55.03417727,37.30245551,115.5652368,58.0116563,135.6552251,416.253757,78.58290307,57.73432404,83.79371075,107.4984953
Deoxyuridine,116.9611192,70.33333249,100.9599916,61.15057652,418.0138699,217.830341,62.98305575,140.557759,125.3313696,180.4321768,53.4653096,242.1285496,55.76396353,43.30114457,177.880561,63.42212794,117.293226,116.4016465,96.7715215
Hippurate,16167.73742,88380.49371,2099.959007,6430.769606,22812.92143,7193.894536,5213.476421,8501.048003,6639.989179,29889.53323,4134.348941,14425.76421,58607.75371,39142.61964,11962.16501,15640.57431,27562.40197,47586.76419,14994.12144
Kynurenate,7575.188302,12234.45899,3538.646453,3313.355203,10560.77736,7079.066246,2348.582143,11859.90503,2794.987443,10664.12813,4575.687947,12309.92936,7419.367797,4434.917007,1932.401497,3560.148581,11393.26028,11719.97201,4565.047346
Anthranilate,549.4273906,228.2937438,68.84320222,255.3582127,502.8250437,279.9955594,135.4783884,368.0189793,127.2620415,165.8180848,106.7649969,247.8054705,229.5462789,127.7556363,81.3998377,176.26884,485.9521826,391.9267898,291.3642803
N-Formylmethionine,3134.845168,1885.485775,290.7481721,2063.308082,1705.879087,1184.716129,1132.881107,2121.450188,1856.734516,1730.627545,2948.278073,2166.885348,1206.28265,663.6655286,485.5313184,1314.498971,3283.242968,2170.711704,1942.372734
Cytosine,334.0225349,275.0031745,70.39943377,219.7890478,398.0931217,221.8404178,138.7438652,380.9596589,177.855463,260.4969603,322.5600059,401.8048964,178.4562184,158.917933,149.5021658,232.9584623,511.7521049,281.8977137,370.671994
2-Hydroxybutyrate,1093.138942,11369.35531,1445.043074,1670.620095,5079.159548,4068.754817,1750.54371,6307.750138,2344.917817,6815.217723,6465.958939,4044.415601,4018.685709,1936.272924,1308.93101,3531.767291,3143.829218,7465.24885,3666.145155
Alpha-hydroxyisobutyrate,1093.138942,11369.35531,1445.043074,1670.620095,5079.159548,4068.754817,1750.54371,6307.750138,2344.917817,6815.217723,6465.958939,4044.415601,4018.685709,1936.272924,1308.93101,3531.767291,3143.829218,7465.24885,3666.145155
Pyruvate,64.63323928,58.46497742,15.8502575,89.2956298,89.23649635,161.0049264,44.65797476,129.3957711,129.0581187,106.3453569,147.9312842,158.0005713,91.30136657,94.17755613,31.06685894,34.60892759,210.7426552,123.6641453,122.2932949
3-(4-Hydroxyphenyl)pyruvate,323.548186,1457.116387,580.8896225,295.5565489,390.8263735,615.6327158,737.4479414,231.2714279,137.2455409,613.4823271,171.3993674,465.8718221,73.85837278,64.48431393,181.7640822,1393.373348,270.2600242,581.0910738,686.8300104
p-Hydroxyphenylacetate,11942.862,13247.62378,7200.079674,3894.474242,16236.99786,11094.37072,7032.106751,21328.70655,8576.157273,10683.04707,13622.50424,13302.22186,7775.822933,7258.552157,4225.573456,9642.710862,24836.17252,25818.27058,10588.95292
3-Hydroxyphenylacetate,991.3397081,1004.914062,475.9291309,299.2245856,1244.199659,946.6555481,555.6725517,1620.398802,693.386454,825.2193276,1044.676517,1354.521641,512.4055469,555.0246557,337.7626206,772.6923434,1825.878372,2050.556,792.4561452
"2,5-Dihydroxybenzoate",53.03685564,408.0448231,7.621242492,106.1061648,49.23627543,42.6796656,34.14067673,291.196558,41.93986957,72.17204743,38.08883699,356.6944796,313.5708791,161.9915992,38.58135301,91.93780548,47.78641432,195.4679251,81.98158871
Dehydroascorbate,1321.210418,1065.91234,144.3477284,511.0741184,760.8562506,1338.176397,432.9006511,621.9455094,639.0286269,1833.857694,1041.948982,1157.621927,249.619689,763.2378345,407.9751374,800.1020375,912.2618835,2186.669919,939.4452149
3-Hydroxyanthranilate,2185.257867,2358.33248,1085.575517,659.8489264,2897.390349,1880.137104,1222.979603,4061.075981,1618.504801,1786.923917,2414.708067,2372.289382,1415.766068,1451.28624,702.1277199,1737.439664,4050.722706,4854.812282,1965.578266
Xanthine,162868.0595,189950.4911,94346.05747,63240.40335,208512.1449,151210.9603,101464.4474,312577.6545,117864.2585,145846.979,187656.0892,205581.0025,100367.5359,99152.17035,58100.81578,144766.878,312216.8433,410180.7526,151959.5228
Homogentisate,247.3325511,1085.95708,68.20882299,171.1755482,288.0517611,384.7237602,152.740696,511.2320301,210.3204008,662.0820513,379.0952673,584.9650559,620.9743519,205.276178,168.4038787,163.3288677,913.7876086,666.9990289,214.1937728
Pantothenate,4493.134602,4871.66498,2016.723545,18603.16654,5055.968689,15698.52422,2797.592322,5621.813667,7474.386785,11240.02651,7723.349981,16210.77152,8386.78574,7412.088152,607.7911863,4760.512977,26020.31695,7435.514503,5406.023731
Hydroxyphenyllactate,19672.82587,19902.12834,2779.22446,20634.25815,11100.95775,18081.16434,7758.591307,19674.37321,14719.9036,13015.00579,27076.2615,36571.09034,20837.4455,5380.64298,5688.553999,23222.60062,47150.26268,28031.89095,12659.27248
Cytidine,675.4683882,496.6691341,89.34965074,65.75138543,167.6958555,153.4680477,18.13475592,302.9058317,5.141561115,448.3482744,718.2056644,353.5874794,2.305170667,307.1594357,86.61927907,267.528205,6.40661017,471.3199869,427.8402768
Oxalate,100495.0696,150845.8787,66703.28575,109112.8158,295256.2235,162114.2313,56990.81335,243253.4969,121964.5439,336870.6323,162698.7954,204487.5647,122586.6407,121024.2758,43345.83387,99813.48958,244115.1294,260550.0275,202528.2604
Deoxyribose,89.19386551,171.6150507,56.32186825,74.2540767,333.2577127,133.4331891,54.21888137,189.080086,113.9252616,357.1207782,121.6663757,193.8361928,94.74277307,114.3961852,34.13375022,62.15036774,238.5348364,257.001573,158.0321109
Lactate,1872.508867,2768.863356,1319.05148,2142.843556,5877.621481,3136.485553,1042.888033,4726.493747,2309.85239,6236.513469,2923.418533,3966.579302,2431.321806,2190.875136,762.0907396,1864.811511,4621.490289,4607.41212,3998.720444
Orotate,5431.82232,3854.612511,13857.9775,14095.55567,8045.563124,10539.22745,2801.044951,9090.832128,14868.86206,3939.962807,39379.29554,9863.104266,13660.78749,3258.511916,1291.706479,8773.996144,28669.60675,19146.16866,12669.71231
O-Acetylserine,120.6372803,215.4016406,81.37853743,71.82782701,180.2418518,71.27409395,49.23580527,141.3674934,77.43803034,227.4751132,25.71378957,130.9394965,84.48643503,61.10952753,32.82725254,131.4997209,228.4793342,223.7776949,169.9159469
Ethylmalonate,4525.480283,4452.73648,1303.111645,2479.030498,6393.379276,6507.295857,3029.202868,11825.38468,4408.153419,7518.745623,6068.003892,7508.919071,5539.669552,2694.61004,3334.087168,6042.271588,7162.292506,4253.647527,13307.50568
Oxaloacetate,4525.480283,4452.73648,1303.111645,2479.030498,6393.379276,6507.295857,3029.202868,11825.38468,4408.153419,7518.745623,6068.003892,7508.919071,5539.669552,2694.61004,3334.087168,6042.271588,7162.292506,4253.647527,13307.50568
Urocanate,101.8874594,423.9271649,180.3259257,108.2570314,3310.367398,4787.925818,80.45797915,8652.603196,937.2892643,361.3405416,4696.466109,1009.686966,292.8661702,117.9255909,45.77758981,88.60810548,438.1986834,587.839128,98.82157312
Alpha-glucose(cladduct),3540.374018,2388.844431,1167.451552,1595.450046,4571.20808,1905.937022,816.7221178,3176.868132,1958.182343,1518.949494,1598.534511,3089.470615,1407.049934,1964.98544,893.9177553,1780.215958,4658.062547,2328.735644,2168.41623
N-Acetylasparagine,10374.87529,14152.38108,4208.098606,6121.160057,20506.87585,7889.046583,3391.840366,9995.933955,6722.495714,14509.45189,10517.23704,15390.06234,8136.308074,8037.924964,3387.893688,5202.765766,21065.5033,13244.7716,9313.576349
Glycerate,541.780622,522.5649524,146.1792305,255.1384709,1087.253666,337.1570728,219.0547398,768.2905029,538.6480839,662.3769575,333.5346653,798.6890064,578.9596559,287.9822066,138.2103166,313.5704624,748.8098847,510.1333134,378.6137028
Threonine,10272.80263,12994.56957,6366.005316,4061.406691,18294.92407,5669.505103,4086.663259,13753.5955,4390.443116,17153.54218,12001.04678,12416.03752,5372.686788,5003.256716,4563.83996,6087.022558,11282.01475,13674.37489,7263.434276
3-Dehydroshikimate,567.9800397,485.2788919,192.2644882,695.4726603,2060.65314,824.2672372,347.7844527,1624.506908,448.675383,1080.8519,1230.42562,1521.036682,525.0440723,544.2491391,275.7769694,346.8281718,1451.459589,1335.192231,650.7123994
Urate,81942.96855,213395.4329,45819.40612,103101.2686,188853.242,142777.4604,41736.73622,182547.2845,84914.28049,114808.5519,104192.5873,234839.1531,97988.85476,90484.92877,41102.1584,119303.4197,269105.9998,159865.3366,117164.7729
Quinate,1000.442363,19094.75886,58.05059551,931.923722,7060.12686,1019.922833,547.610348,5160.093756,90.6538532,2970.871575,115.2377624,263.9104571,5782.852982,19512.71311,2243.163276,279.2944013,5442.66179,12649.97234,2104.896485
N-Acetylneuraminic_acid,14391.74746,19516.12831,10640.58053,22198.14449,23277.46426,26228.73414,7415.473642,19320.85503,6581.568264,19973.61627,30550.86778,31709.8372,6144.595739,10837.00443,6983.416953,15130.4696,10689.75977,24351.13003,28037.8598
O-Succinyl-homoserine,236.9154377,214.265613,90.50304167,62.50152829,505.8270111,228.1437581,56.5320389,108.0328522,44.83473034,306.0862255,136.4668609,205.3195171,53.51616548,45.71595037,33.94121035,51.05046026,79.55172163,90.83172298,124.9540214
AMP,17081.16426,19367.2977,2424.989541,12386.66814,34444.86101,18155.95594,7804.709135,7527.227253,2788.847811,17408.77135,15213.69508,20694.88633,5258.408482,6775.750529,2601.676381,4079.36981,14190.10345,12490.30981,16117.51211
Gluconate,14748.62574,52235.25681,9913.091758,3770.510555,17527.02985,16157.04026,8250.772764,29219.63033,4865.322533,22294.34562,15706.58317,32559.42241,17938.04829,18043.03494,6424.164806,8528.81376,10076.24613,23992.12593,10770.10159
Gluconolactone,890.7119039,679.0127723,147.9219213,500.2910651,1612.9297,796.1855496,409.5962926,760.5575171,653.1605671,1449.130467,959.4456418,1621.214256,201.1927878,611.9422201,278.197325,710.557082,965.7635083,1373.3456,695.0996688
Glutamate,78313.74495,140732.7246,70318.5184,37631.19452,103757.8176,54389.63989,29210.16429,93231.86236,26448.16537,111548.2925,53290.3643,90040.58302,49967.51619,39600.23113,25423.24212,52106.73983,94022.57664,113385.7114,57752.38033
Methylglutarate,325.1906309,1180.358311,189.718896,433.5834544,1326.702053,1219.632117,327.8821987,1513.103167,893.1193314,1503.459626,1270.788832,1329.202395,1034.505997,832.7963096,350.6356945,244.0395293,1429.455645,1580.790016,849.7396263
Aspartate,91428.26597,94150.37299,48068.37606,27364.98646,150242.36,40045.7063,26192.84224,53252.62503,12243.32912,113412.5685,34134.96633,77503.07919,27446.92411,30884.32497,19585.90861,56920.16631,46224.72153,87731.99405,42622.24969
Coenzyme_A,192.1809576,1485.945993,117.0263581,516.7257005,3297.504056,616.1815775,61.85218502,1144.607825,541.0956377,525.9571078,357.034469,1308.305646,71.72500709,771.6948115,41.83423122,1133.355114,413.8356566,781.7806077,1003.213919
Diaminopimelate,248.0636016,458.0020324,179.7760715,391.2708188,463.2027887,551.764323,293.231579,772.049877,394.850106,1459.675787,687.4518056,644.9097048,869.2977878,109.9779958,229.1970008,215.8033882,1999.197863,488.9391311,916.5179871
Glycerol-3-phosphate,13030.87326,8427.062089,3847.470166,3324.506668,10833.34403,4627.907554,3754.439458,9914.198952,4859.609802,9851.815477,4824.191351,12939.11131,3474.000036,5341.355277,3447.766148,4945.855598,12259.5837,6992.650657,7699.424079
N-Acetylaspartate,8998.750639,34300.27375,5209.773602,6886.031153,21676.94034,15624.72681,3808.175087,14278.37623,3728.776607,29925.67915,9179.019389,21494.7383,12028.13984,12687.96301,4191.986527,4871.590785,14753.1643,24601.11746,4700.558879
Uridinemonophosphate,170.5569204,108.2649511,61.1920914,94.36542922,153.3855089,51.80865037,63.31601515,181.3637482,72.37453008,58.01154921,96.77800385,184.527454,71.53931006,99.57378571,86.07527753,204.9359434,296.2132608,97.48340174,137.3528781
Glucose-6-phosphate,82192.5352,16618.30044,26267.35777,41737.76414,106976.1656,17156.43544,14288.75649,99934.57024,36427.63993,9695.812625,26542.53087,52552.24388,24679.4829,48191.19869,21462.11335,47471.9204,131205.263,35177.19078,48348.00724
Succinate,246.637279,843.9922111,187.0831599,485.8268108,1006.391478,1023.937306,186.3904849,1617.86239,220.2512747,1660.089459,730.608352,531.8663282,478.7599309,141.6874565,305.8409092,164.6187544,633.9241176,970.2942575,602.688168
Fructose-6-phosphate,80562.08095,16378.93814,26918.30303,42046.6677,106284.7949,16729.46766,14259.85635,97613.25043,36033.88026,10428.38041,26233.01877,54113.19635,24940.86323,49248.05169,21320.56295,47921.36952,129478.5233,36032.00595,48290.74616
Ribose-5-phosphate,4656.096518,5000.763071,1019.246151,798.681139,7755.334385,1336.060941,666.8232209,7387.638484,1107.464996,1542.019002,895.7547347,3488.375446,1265.868888,3569.46238,1796.569404,2565.616778,2194.68115,5011.180129,2233.703722
Glucosamine-6-phosphate,31551.58011,17429.38752,9574.757084,8846.496488,28218.51625,9827.973964,8990.241831,20877.00637,8464.904518,23635.94979,11669.184,29780.73731,10128.30958,12841.95773,6516.217797,13474.88843,28285.13822,15824.40654,15212.73072
Malate,69923.47378,117252.988,35099.54853,61303.9014,128562.1531,114003.4627,37122.21343,106770.2696,42882.28812,183425.5645,96761.78847,103130.708,55077.78643,38215.99239,42060.38571,36957.28279,100478.0337,130536.5119,69270.92929
Glycolate,4048.872158,1956.810178,332.8241018,2733.878075,14217.70583,2063.034801,1725.121213,6996.741553,6370.490517,6093.809554,2350.000872,6581.874577,5007.885933,3115.075475,1019.091519,2840.810885,10307.75856,3110.46622,2034.092924
6-Phosphogluconate,1319.551472,4297.421973,1645.989231,1644.240472,6848.201417,3268.795712,1132.895953,7703.206721,2494.974506,5642.002646,6419.249082,3740.631701,1827.877179,2421.107068,1940.11727,2250.941669,6561.596533,6127.129741,3402.383959
Galactarate,1036.242549,2953.113136,338.3508701,437.0549474,2220.905458,1173.925466,359.3146988,1049.037232,528.9730071,1084.449512,516.6506748,2237.470022,1175.010745,1706.113805,466.3420877,727.389034,1441.871363,1634.031352,889.1592153
Tartarate,427.1219624,24197.13875,381.9625283,2283.424887,793.5772736,1091.812498,117.3971048,13407.12715,145.9515498,595.5624046,324.2011935,12317.76627,19081.79131,818.1427668,935.4764287,534.6015342,408.0960208,11432.63912,751.0713955
Isocitrate,43679.90735,50553.68528,18442.91026,12313.34645,47060.59263,27545.19036,14244.27151,43569.53104,16455.14402,39487.91822,33526.73853,50874.28023,23143.03856,17593.15763,12939.1848,22868.81726,40769.1564,46212.02186,24083.41497
Citrate,6419721.897,10051243.82,3244774.432,2450079.845,8545893.588,5984044.618,2358293.168,7388580.281,3315194.729,11844116.78,6667892.095,9129070.349,4382369.086,4093863.848,2696992.021,3964486.491,7498253.972,9210243.28,4771099.432
5-Hydroxylysine,56.35817918,54.13093514,32.81708693,21.57510136,168.7601741,34.20059768,35.35507336,207.5334683,71.4003932,66.1675562,74.79862106,98.81465535,80.66595153,71.16028965,37.83711856,60.30700828,142.5151549,42.27290226,59.8797276